evidence_id	gene	protein_variant	study_id	doi	assay	substrate	cell_or_system	concentration_uM	uptake_duration_min	numeric_kind	mean_percent_WT	sd_percent_WT	sem_percent_WT	upper_percent_WT	upper_bound_inclusive	biological_replicates_n	technical_replicates_n	source_locator	source_file
R2F001	SLC7A9	A70V	Font2001	10.1093/hmg/10.4.305	radiolabeled cystine uptake	L-[35S]cystine	HeLa transient human rBAT + human b0,+AT	20.0		EXACT_PUBLISHED_PERCENT	78.0							PDF p9/printed p313 Table5; p5 Fig3; Methods p11	data/raw/round2/Font2001_original.pdf
F001	SLC7A9	A70V	He2026	10.1631/jzus.B2500767	selenocystine fluorescence uptake	selenocystine	HEK293 transient co-expression	200.0	30.0	EXACT_SUMMARY	79.17	6.14				3.0	3.0	Supplementary PDF p3, Table S1	data/raw/literature/He2026_TableS1.pdf
R2F003	SLC7A9	A182T	Font2001	10.1093/hmg/10.4.305	radiolabeled cystine uptake	L-[35S]cystine	HeLa transient human rBAT + human b0,+AT	20.0		EXACT_PUBLISHED_PERCENT	60.0							PDF p9/printed p313 Table5; p5 Fig3; Methods p11	data/raw/round2/Font2001_original.pdf
F002	SLC7A9	A182T	He2026	10.1631/jzus.B2500767	selenocystine fluorescence uptake	selenocystine	HEK293 transient co-expression	200.0	30.0	EXACT_SUMMARY	77.4	1.96				3.0	3.0	Supplementary PDF p3, Table S1	data/raw/literature/He2026_TableS1.pdf
R2F005	SLC7A9	G105R	Font2001	10.1093/hmg/10.4.305	radiolabeled cystine uptake	L-[35S]cystine	HeLa transient human rBAT + human b0,+AT	20.0		EXACT_PUBLISHED_PERCENT	10.0							PDF p9/printed p313 Table5; p5 Fig3; Methods p11	data/raw/round2/Font2001_original.pdf
F003	SLC7A9	G105R	He2026	10.1631/jzus.B2500767	selenocystine fluorescence uptake	selenocystine	HEK293 transient co-expression	200.0	30.0	EXACT_SUMMARY	53.43	8.7				3.0	3.0	Supplementary PDF p3, Table S1	data/raw/literature/He2026_TableS1.pdf
R2F006	SLC7A9	R333W	Font2001	10.1093/hmg/10.4.305	radiolabeled cystine uptake	L-[35S]cystine	HeLa transient human rBAT + human b0,+AT	20.0		EXACT_PUBLISHED_PERCENT	10.0							PDF p9/printed p313 Table5; p5 Fig3; Methods p11	data/raw/round2/Font2001_original.pdf
F004	SLC7A9	R333W	He2026	10.1631/jzus.B2500767	selenocystine fluorescence uptake	selenocystine	HEK293 transient co-expression	200.0	30.0	EXACT_SUMMARY	41.28	6.65				3.0	3.0	Supplementary PDF p3, Table S1	data/raw/literature/He2026_TableS1.pdf
R2F002	SLC7A9	V170M	Font2001	10.1093/hmg/10.4.305	radiolabeled cystine uptake	L-[35S]cystine	HeLa transient human rBAT + human b0,+AT	20.0		EXACT_PUBLISHED_PERCENT	0.0							PDF p9/printed p313 Table5; p5 Fig3; Methods p11	data/raw/round2/Font2001_original.pdf
F005	SLC7A9	V170M	He2026	10.1631/jzus.B2500767	selenocystine fluorescence uptake	selenocystine	HEK293 transient co-expression	200.0	30.0	LEFT_CENSORED				5.0	False	3.0	3.0	Supplementary PDF p3, Table S1	data/raw/literature/He2026_TableS1.pdf
R2F004	SLC7A9	A354T	Font2001	10.1093/hmg/10.4.305	radiolabeled cystine uptake	L-[35S]cystine	HeLa transient human rBAT + human b0,+AT	20.0		EXACT_PUBLISHED_PERCENT	0.0							PDF p9/printed p313 Table5; p5 Fig3; Methods p11	data/raw/round2/Font2001_original.pdf
F006	SLC7A9	A354T	He2026	10.1631/jzus.B2500767	selenocystine fluorescence uptake	selenocystine	HEK293 transient co-expression	200.0	30.0	LEFT_CENSORED				5.0	False	3.0	3.0	Supplementary PDF p3, Table S1	data/raw/literature/He2026_TableS1.pdf
