gene	variant	in_strict_clinvar_set	source_clinically_observed	protein_family_count	transport_family_count	protein_result_rows
SLC3A1	L89P	True	True	1	1	1
SLC3A1	V183A	True	True	1	0	1
SLC3A1	T216M	True	True	2	1	2
SLC3A1	R365W	True	True	2	2	4
SLC3A1	M467K	True	True	1	1	1
SLC3A1	M467T	True	True	3	2	3
SLC7A9	P52L	False	True	1	0	1
SLC7A9	A70V	True	True	3	3	3
SLC7A9	G105R	True	True	2	2	2
SLC7A9	T123M	True	True	1	1	1
SLC7A9	V142A	True	True	1	1	1
SLC7A9	V170M	True	True	3	3	3
SLC7A9	A182T	True	True	3	3	3
SLC7A9	G195R	True	True	1	1	1
SLC7A9	L223M	True	True	1	1	1
SLC7A9	N227D	False	True	1	1	1
SLC7A9	W230R	False	True	1	1	1
SLC7A9	G259R	True	True	1	0	1
SLC7A9	R333Q	True	True	1	1	1
SLC7A9	R333W	True	True	4	4	4
SLC7A9	A354T	True	True	3	3	3
SLC7A9	A382T	False	True	1	1	1
SLC7A9	M477L	True	False	1	1	1
SLC7A9	P482L	True	True	3	3	9
SLC7A9	P482S	True	False	1	1	1
