study_id	pmid	doi	title	read_depth	primary_source_file	primary_source_sha256	source_units	original_work	evidence_boundary	relevance_to_current_project	source_locator	checked_date	reviewer_type
Martell2017	28812535	10.1186/s12864-017-3913-1	Associating mutations causing cystinuria with disease severity with the aim of providing precision medicine.	FULLTEXT_AND_ORIGINAL_TABLES	data/raw/literature/PMC5558187.xml	c72f56d44f209f161ad9d2683266b919df5bbba32d84a657dc7c77aca0ef2bbe	94 SLC3A1 + 58 SLC7A9 substitutions; clinical phenotype analysis used existing UK cohort data	Literature variant compilation, Phyre2 structures, functional-site and stability/conservation predictions, multiple pathogenicity scores and genotype-phenotype assessment	Computational analysis and clinical associations; not an original isolated-variant transport assay series	Strong precedent for an integrated variant/structure/phenotype resource; 80 of current 485 amino-acid substitutions occur in original S9/S10	Methods; Results; original supplementary workbook Tables S9-S10	2026-10-07	AI_ASSISTED_SOURCE_INSPECTION
Gene2023	37716586	10.1016/j.gene.2023.147802	Molecular identification of missense variants in SLC3A1 gene; an approach leading to computer-aided drug design for cystinuria.	FULLTEXT_AND_ORIGINAL_TABLES	data/raw/round5/Gene2023_original.pdf	f6630f602a3bd4e7a3c901c3351365bc9f71947140218dc1c7e3fade550b96ad	776 queried SLC3A1 missense SNVs; 72 in S2; 68 patients and 10 controls; sequencing subset 9 patients + 1 control per exon	Prediction screen; R81L/M618I molecular identification and ARMS-PCR; I-TASSER/HOPE models; AutoDock Vina, iMODS normal-mode analysis and in-silico ADMET	Genotyping validates allele detection; the pre-clinical testing section uses SwissADME/ADMETlab. No new isolated-variant protein experiment identified in main/supplement	21 current substitutions including Y65C/M68K/T353M candidates are in S2; source prediction labels remain source claims	Methods 2.1-2.10; Results 3.1-3.8; Tables 2-4; Supplementary Table 2	2026-10-07	AI_ASSISTED_SOURCE_INSPECTION
Pandey2021	32602810	10.1080/07391102.2020.1784792	Computational analysis identifies druggable mutations in human rBAT mediated Cystinuria.	FULLTEXT_AND_SUPPLEMENT	data/raw/round7/Pandey2021_original.pdf	043adfe1ec2897786e7796d765b42e5cde224a08e87fe6dcf3e1de7929078a4d	Eight SLC3A1 MD/FoldX mutants and four dbSNP column counterparts in Table1; two SLC7A9 text/figure mentions separately retained	Pandey2021: Cqm1/LAT1 template models, nine 150-ns modeled trajectories including wild type, FoldX stability estimates and proposed targeting sites	Computational study; cited M467T/M467K folding results belong to Bartoccioni2008; no new qualifying protein experiment	Table1 12 substitutions map to six current VCVs and one original candidate R362H; all six already in prior three-table union	Methods PDF pp3-4; Table1 PDF p8 (printed p5064); Discussion PDF pp8-10; historical supplement PDF two pages	2026-10-07	AI_ASSISTED_SOURCE_INSPECTION
Lee2023	37439839	10.1007/s00240-023-01466-y	Interpretation of SLC3A1 and SLC7A9 variants in cystinuria patients: The significance of the PM3 criterion and protein stability.	FULLTEXT	data/raw/literature/PMC10345071.xml	32bdeb6a78af9ea1ad0d285eadf0f5385ca144fdc7dfe986923f1af8318f9da5	7 SLC3A1 + 6 SLC7A9 clinical variants; historical experimental comparison from Font2001	Clinical variant interpretation with PM3, REVEL, DynaMut2 and Missense3D; reference structure 6LID	Historical transport values are a secondary reproduction, not an independent experimental family	Prediction-versus-function comparison already exists; source-family deduplication and assay-context coding add a distinct audit layer	Methods: evaluation of SLC7A9 variants; variant interpretation; using DynaMut2	2026-10-07	AI_ASSISTED_SOURCE_INSPECTION
He2026	42529887	10.1631/jzus.B2500767	Selenocystine-based fluorescence assay combined with structural prediction for functional analysis of cystine transporter variants in cystinuria.	FULLTEXT_AND_SUPPLEMENT	data/raw/literature/He2026_main.pdf	ebc93b87b070f4073bcb77f65af946432a891fcc3caeed813078eb4436838bc6	8 clinical substitutions + engineered P482G	New HEK293 selenocystine fluorescence uptake assay plus AlphaFold3 structural prediction and molecular docking	Original human experiments; substrate/system/replication differ from earlier radiotracer assays	Strong direct precedent for combining functional measurements and structural AI; present resource audits evidence across assay families	Methods; variant uptake Results; Figure 3; Table S1; round4 source-located result rows	2026-10-07	AI_ASSISTED_SOURCE_INSPECTION
Yan2020	32494597	10.1126/sciadv.aay6379	Cryo-EM structure of the human heteromeric amino acid transporter b0,+AT-rBAT.	FULLTEXT_AND_SUPPLEMENT	data/raw/literature/PMC7159911.xml	32998bae8745bedd1d0c062145599902affec55ddefd1d6d8609748c8b1c049c	Human transporter structures and human mutant transport panels	Cryo-EM apo/arginine-bound structures, variant interpretations and proteoliposome transport	Contact or substrate-pocket mechanisms are prior experimental findings	6LI9 geometry is a reusable annotation framework; current project adds validated VCV links and provenance	Structure and mutation Results; transport Methods; round4 source-located rows	2026-10-07	AI_ASSISTED_SOURCE_INSPECTION
Wu2020	32817565	10.1073/pnas.2008111117	Structural basis for amino acid exchange by a human heteromeric amino acid transporter.	FULLTEXT_AND_SUPPLEMENT	data/raw/round2/Wu2020_original.pdf	4df46568fd0a4a617a741abe82b1a69f5ea0121fa0302cfbb7539df02dd44690	Human transporter structure; disease-mutation list in supplemental Table S2	Human heterotetrameric structure and amino-acid exchange mechanism; structural discussion of disease substitutions	A mutation listed in Table S2 does not establish an isolated human mutant assay	Independent structural precedent; supplementary-list overlap kept separate from protein experiment status	Main structure Results; supplemental Table S2; previous round2 source audit	2026-10-07	AI_ASSISTED_SOURCE_INSPECTION
Lee2022	35577790	10.1038/s41467-022-30293-9	Ca2+-mediated higher-order assembly of heterodimers in amino acid transport system b0,+ biogenesis and cystinuria.	FULLTEXT_AND_SOURCE_DATA	data/raw/literature/PMC9110406.xml	3ebc4930e1384abd193569e83050939654591ff3f0cc87414f8334b6b12a0243	Ovine transporter and experimental mutant constructs	Calcium-mediated higher-order assembly, maturation, trafficking and transport, including T216M	Ovine pEG-OaSLC constructs remain ortholog evidence despite use of HEK293 host cells	Mechanistic assembly/trafficking interpretation predates this atlas; species-aware evidence linking is required	Methods: constructs and cloning; Cell-based transport assay; Results Figures 5-7	2026-10-07	AI_ASSISTED_SOURCE_INSPECTION
Font2001	11157794	10.1093/hmg/10.4.305	Functional analysis of mutations in SLC7A9, and genotype-phenotype correlation in non-Type I cystinuria.	FULLTEXT	data/raw/round2/Font2001_original.pdf	dcb32cc300dac8399a63de93667863d998ccbecc3147277c2365b45015d7b1fa	Source-located selected result rows in round4 functional_evidence.tsv	Original human SLC7A9 uptake experiments and genotype-phenotype assessment	Study-specific conditions and original numeric/qualitative representations retained	Primary experimental basis for the atlas; raw-source recovery and exact mapping determine coverage	See source_locator for every round4 result row; Shigeta bundle pages 3-11	2026-10-07	AI_ASSISTED_SOURCE_INSPECTION
Pineda2004	14561219	10.1042/BJ20030956	Cystinuria-specific rBAT(R365W) mutation reveals two translocation pathways in the amino acid transporter rBAT-b0,+AT.	FULLTEXT	data/raw/round2/Pineda2004_original.pdf	800f19fc2b4561c37ee8fba4f16cf8e38cf19bb5edd6236169b97c01f2a615af	Source-located selected result rows in round4 functional_evidence.tsv	Human R365W biogenesis and temperature-dependent transport	Study-specific conditions and original numeric/qualitative representations retained	Primary experimental basis for the atlas; raw-source recovery and exact mapping determine coverage	See source_locator for every round4 result row; Shigeta bundle pages 3-11	2026-10-07	AI_ASSISTED_SOURCE_INSPECTION
Bartoccioni2008	18332091	10.1093/hmg/ddn080	Distinct classes of trafficking rBAT mutants cause the type I cystinuria phenotype.	FULLTEXT	data/raw/round2/Bartoccioni_repository_document.pdf	ac9b324e4865ab5e6f681cce421b0bf80e0f9a6851e9d65dcfd9416fe8472980	Source-located selected result rows in round4 functional_evidence.tsv	Human rBAT folding, biogenesis and trafficking studies	Study-specific conditions and original numeric/qualitative representations retained	Primary experimental basis for the atlas; raw-source recovery and exact mapping determine coverage	See source_locator for every round4 result row; Shigeta bundle pages 3-11	2026-10-07	AI_ASSISTED_SOURCE_INSPECTION
Shigeta2006	16609684	10.1038/sj.ki.5000241	A novel missense mutation of SLC7A9 frequent in Japanese cystinuria cases affecting the C-terminus of the transporter.	FULLTEXT	data/raw/round4/Shigeta2006_original.pdf	add5f64ca4d084f1430c146dcd247a0088d8f67e748e8190622cce1847c27ec5	Source-located selected result rows in round4 functional_evidence.tsv	Human clinical and designed C-terminal single-substitution uptake/localization experiments	Study-specific conditions and original numeric/qualitative representations retained	Primary experimental basis for the atlas; raw-source recovery and exact mapping determine coverage	See source_locator for every round4 result row; Shigeta bundle pages 3-11	2026-10-07	AI_ASSISTED_SOURCE_INSPECTION
Mizoguchi2001	11318953	10.1046/j.1523-1755.2001.0590051821.x	Human cystinuria-related transporter: localization and functional characterization.	FULLTEXT	data/raw/round5/Mizoguchi2001_original.pdf	6ff15937bfbc2f5f0d702d566e30a13daa8c2246761377237a46335b5430a46c	Human WT hBAT1/rBAT transport methodology	Functional expression in COS-7, transport kinetics, localization and kinase-modulator experiments	Methodological reference for Shigeta2006; source-specific replication cannot be carried across studies	Adds referenced-protocol context without adding variant-protein coverage	Printed pages 1824, 1826-1828; referenced_protocol_context.tsv	2026-10-07	AI_ASSISTED_SOURCE_INSPECTION
Wu2026_prevalence	41957517	10.1038/s41431-026-02085-y	How variant discovery redefines genetic prevalence: the case of cystine stone disease.	FULLTEXT	data/raw/round5/Wu2026_prevalence.xml	4267ad4bfae8cc151e042a1a02ad860d117ec2a2dae039a56271420be19cddd5	HGMD 2022.4 and 1000 Genomes Phase 3; population-genetic prevalence estimates	Updated pathogenic-variant catalog intersected with population variants and Hardy-Weinberg estimates/simulations	HGMD DM/DM? ascertainment and population prevalence are different units from frozen ClinVar missense experimental coverage	Database growth and broader variant counts alone do not establish a distinct research question	Methods: Materials; Allele frequency/carrier rate/affected rate; Results	2026-10-07	AI_ASSISTED_SOURCE_INSPECTION
Liu2022	36421847	10.3390/genes13112173	Clinical Characteristics and In Silico Analysis of Cystinuria Caused by a Novel SLC3A1 Mutation.	FULLTEXT	data/raw/round5/Liu2022.xml	34cc6d0b66229cb61053f99039a6da1050c4b6cfd14948ad9a06fc798bf61c50	One three-generation family; C273Y and synonymous P337P	WES/Sanger segregation and computational structure/conservation analysis	No new C273Y isolated transport experiment identified in checked main article; secondary splicing citation refers to a different allele	Clinical plus computational case analysis is an existing design; keep RNA and protein evidence allele-specific	Methods; Results; Discussion; PMID36421847	2026-10-07	AI_ASSISTED_SOURCE_INSPECTION
Muench2026	41766659	10.1172/JCI196277	Deep biochemical phenotyping reveals prognostic value of rare genetic variants in adult kidney stone disease.	FULLTEXT	data/raw/round5/Muench2026.xml	75103981b15c3adf8dda91871aec4786ddbcc0bc5e01b948a6d75b754733ce54	701 kidney stone formers and 200 non-stone formers; longitudinal biochemical phenotyping	WES-based rare-variant assessment linked to urinary biochemistry and recurrence; genotype-context analysis for SLC7A9	Clinical biochemical associations, including monoallelic A182T observations, are not isolated human protein experiments	Shows why in-vitro uptake, genomic dosage and clinical penetrance must remain distinct; no frozen ClinVar relabeling	Results: cystinuria variants; Figure 3; Discussion; PMID41766659	2026-10-07	AI_ASSISTED_SOURCE_INSPECTION
Iran2018	30069816	10.1007/s11033-018-4269-6	In silico analysis of SLC3A1 and SLC7A9 mutations in Iranian patients with Cystinuria.	FULLTEXT_AND_ORIGINAL_TABLES	data/raw/round6/Mahdavi2018_original.pdf	b465f1aabf7565752aaff9641af3e122bc855214c6c940c045c4de9be55921bc	17 Table 1 variants: 7 missense, 4 synonymous/polymorphism, 5 intronic, 1 frameshift; 42 missense prediction cells	Mahdavi2018: six prediction tools, SWISS-MODEL, residue interaction networks, conservation and Human Splicing Finder	Computational analysis of reported variants; source table/text differences retained; no new isolated-variant protein or RNA experiment identified	7 current substitutions / 8 VCVs; two original candidates R362C and V142A; all seven already in Martell2017 original table	Tables 1-4; PDF pp3-4; Methods pp1-2; conclusions p8	2026-10-07	AI_ASSISTED_SOURCE_INSPECTION
ProteinModelling2016	26589650	10.1016/j.eururo.2015.10.039	The Role of Protein Modelling in Predicting the Disease Severity of Cystinuria.	FULLTEXT	data/raw/round6/Wong2016_original.pdf	dcd4a999c6fafba74e951579ea05fc233c3df7564ea53dc8b2a38927e1ea5a17	57 earlier UK-cohort mutations cited; 26 patients scored; 3 patients scored below 3; 5 endpoint comparisons	Wong2016: Phyre2 SLC7A9 model, blinded variant impact categorization and summed patient severity score	Clinical associations from computational scores; group sizes not stated in letter; no isolated-variant protein assay	Direct precedent for structure/phenotype integration; reuses earlier UK cohort rather than a new independent experimental family	PDF pp1-2, printed 543-544; following article begins at bottom of PDF p2	2026-10-07	AI_ASSISTED_SOURCE_INSPECTION
G105RMouse2026	42612871	10.1016/j.kint.2026.06.050	Generation of a novel Slc7a9G105R mutant mouse identifies new biomarkers for cystinuria.	FULLTEXT_AND_SUPPLEMENT	data/raw/round6/G105RMouse2026_original.pdf	c59310d1663e57c2bc6dfba4e62e39b976bc1a12b3b26d4cd4d8a4034f6f68a1	Slc7a9 G105R mouse knock-in; human-serum substudy 3 SLC3A1-duplication patients + 9 controls	Bhatt2026: mouse stone progression, metabolomics/proteomics/microbiota and treatment experiments; human metabolite detection	Mouse protein locus and human clinical serum remain distinct; human-target proteomics performed on mouse serum; no qualifying human single-substitution protein result identified	Adds organism and clinical context to G105R; does not expand 22/488 human protein coverage	Main Methods PDF pp2-3; Discussion p18; Supplementary Methods, Table S1, Figure S26	2026-10-07	AI_ASSISTED_SOURCE_INSPECTION
AGT1Structure2026	40916662	10.1093/procel/pwaf076	Oncogenic role of the SLC7A13-SLC3A1 cystine transporter in human luminal breast cancer and its cryo-EM structure.	FULLTEXT_AND_SUPPLEMENT	data/raw/round7/AGT1Structure2026.xml	97d532debe8309277a5bfab8c69c92639cdb1c8844fba91e84f0a7a0a3f5f107	Human SLC7A13-SLC3A1 apo structure; seven SLC7A13 alanine mutants; three wild-type transporter comparisons	Dong2026: cryo-EM, isotope tracking in cells, MST, kinetic fits and cancer-expression/knockdown experiments	Seven mutated constructs are SLC7A13; SLC7A9 experiments are wild type; no qualifying SLC3A1/SLC7A9 single-substitution result	Full source establishes alternate-rBAT-partner context; preserves 6LI9 geometry and current 22/488 protein coverage	Main Figures 4-5; supplementary Methods pp4-7, Fig S8 p15, S10 p17, Table S1 p19	2026-10-07	AI_ASSISTED_SOURCE_INSPECTION
Brauers2006	16629225	10.5414/CNP65262	Functional characterization of SLC7A9 polymorphisms assumed to influence the cystinuria phenotype.	FULLTEXT	data/raw/brauers_20261008/Brauers2006_original.pdf	f8e1a2664725936a6f30f1f95d7db37473adea18a3b251d89b44f0b7c0c5bf4b	Six established genomic minigene haplotypes across B/B1/B2/C; six experimental sites; additional c.596T>C in ESE prediction table	B2 and C paired haplotypes show the same detected transcript patterns; C confirmed in COS7 and HEK; opposite B/B1 construct not established	Haplotype-level RNA observations and computational motifs; historical numbering; no isolated current allele contrast and no protein transport measurement	Full-text RNA comparator: distinguishes completed haplotype contrasts, unsuccessful comparison construction and construct-dependent isoforms	Tables 1-3 and Figure 2; printed pp263-266 / PDF pp2-5	2026-10-08	AI_ASSISTED_FULLTEXT_INSPECTION_OF_USER_SUPPLIED_PDF
