file	source	source_sha256	rows	columns	description	output_sha256
S1_variant_atlas_488.tsv	data/processed/round7/variant_comparator_overlay_488.tsv	7e2e62a985947c74f81d0ca105c84e1ffad0aedabc8969c5df61c0ceadfa4f5d	488	44	Frozen validated VCV set, current eligible protein/transport coverage and comparator membership.	60940361ccc84fb30686ef0ffa1eaab47c3ed0c608e2a385f88cdb64071870d7
S2_functional_results_105.tsv	data/processed/curation_20261008/functional_evidence_current.tsv	e28409fa1df7717c25dc442d77a9806099df12b2852334ad11cf46e57bf2d857	105	78	All 105 curated result/condition rows. Eligibility flags select the displayed protein atlas.	ae921c9e2eb4f1e40248306207f8b5f79b7e5f79958d12f5f8fca5cc9078de4f
S3_experimental_family_context.tsv	data/processed/curation_20261008/Table1_experimental_family_context.tsv	1229d33d1eeb41617b0c109501d545deb59eb3f1374b42c6dea8d099a319c79a	6	7	Underlying six-family table for manuscript Table 1.	1229d33d1eeb41617b0c109501d545deb59eb3f1374b42c6dea8d099a319c79a
S4_original_candidates_54.tsv	data/processed/round7/candidate_comparator_overlay_54.tsv	db2e158ad259f14e81cb45dbdc9b754dcbfa218103a9c7e503b3ffb87a996331	54	48	Original 54-record cohort with current evidence flags and source conclusions.	4e92c71b0d5647b85fd3ef63b1cfa7f590db91fc1a6b9e947e5024dfc7ea5149
S5_evidence_matrix_cells.tsv	figures/source_data/Fig6_evidence_matrix.tsv	085b72ec3b434b9d7790ebf6e5dc825ebf1f4c3c0a8309ec7eb80a907eec5d85	175	9	175 cells: 25 substitutions by seven source columns; blank codes are unoccupied cells.	085b72ec3b434b9d7790ebf6e5dc825ebf1f4c3c0a8309ec7eb80a907eec5d85
S6_substitution_family_coverage.tsv	data/processed/round4/substitution_family_coverage.tsv	e0a85b117d07db4df4d44b549fee7cf6f003bab0c953b9f350c5eb783df8a9ea	25	7	25 displayed substitutions; deduplicated family counts.	e0a85b117d07db4df4d44b549fee7cf6f003bab0c953b9f350c5eb783df8a9ea
S7_Brauers2006_RNA_haplotypes.tsv	data/processed/brauers_20261008/Brauers2006_RNA_construct_context.tsv	a7317c24080cf54857b85ba82d4c6ccd586330258fe8bfb1b35f4cdf81b723d5	6	32	Six established minigene haplotype contexts; separate from single-allele coverage.	6f0abfe8ce1f2b0bc372b17e0b59c0cdb9c2fcc37cdf0263b4cdcf7c08f2364e
S8_Brauers2006_source_discrepancies.tsv	data/processed/brauers_20261008/Brauers2006_source_discrepancies.tsv	d68a9c88acf4427f2338475f536091c4a022a9a53ca90b5ffbb090612da393fb	4	6	Reported table/text discrepancies retained with exact source locations.	d68a9c88acf4427f2338475f536091c4a022a9a53ca90b5ffbb090612da393fb
S9_selected_prior_work_21.tsv	data/processed/brauers_20261008/prior_work_current.tsv	0b7fd9d0b559cfc0f5387e39aaa06cd8a3b09144c77fcd2fe2fca850a651cbf7	21	13	Bounded 21-study comparison, source identity, findings and relevance.	a25c27972d175f6c4d71b4dcaeb4428846149a2bfab701d15bd1775bd57fc49d
S10_comparator_intersections.tsv	data/processed/round7/comparator_overlap_summary.tsv	848bcdbec925b34c405ff7e9e4de4c13e4257a9cb092af897af25e9ef717aba8	6	5	Exact protein-list intersections with the four selected original tables.	848bcdbec925b34c405ff7e9e4de4c13e4257a9cb092af897af25e9ef717aba8
S11_Brauers2006_nomenclature.tsv	data/processed/brauers_20261008/Brauers2006_nomenclature_scope.tsv	abe096a4189fa58fd53d67eaa29930f04f183825c2d1890fa661d37dc53d5333	7	10	Historical nucleotide notation and current-transcript mapping limitations.	abe096a4189fa58fd53d67eaa29930f04f183825c2d1890fa661d37dc53d5333
S12_AGT1_evidence_context.tsv	data/processed/round7/AGT1_evidence_context.tsv	73649efed5f9d9307e1bc78968811af88544cc914fee5dcfe552272a5964a726	5	14	Other-gene and wild-type experiments that inform partner and endpoint scope.	72150754670bc1b7c139d8c276da4afd670ffeb96cbdb6a6f86827aa5a66f802
S13_AGT1_source_discrepancies.tsv	data/processed/round7/AGT1_source_discrepancies.tsv	b8cb008a40d0252b1388e68feb4135cf3bf0a1343dce1ac89b087288e9573dc0	6	8	Caption/method discrepancies retained at their source locations.	6bd66356d511e5b8992a81093348dfc22d1294481cbb3457dd78e5592e4d8ffd
S14_source_dependency.tsv	data/processed/editorial_20261008/leave_one_family_out.tsv	f59d8087371c617dd49cc4e6953f3dbf7511384671d79505c9e75843dbf9a371	6	9	One omitted experimental family per row; source dependence of breadth.	f59d8087371c617dd49cc4e6953f3dbf7511384671d79505c9e75843dbf9a371
S15_current_contact_thresholds.tsv	data/processed/editorial_20261008/current_contact_thresholds.tsv	88c804049369713e89661f87aa115aa2084d1bde4a445446a5baa9f5dc58bf8a	9	6	Current 4/5/6 angstrom counts by gene and total.	88c804049369713e89661f87aa115aa2084d1bde4a445446a5baa9f5dc58bf8a
S16_paired_assay_summaries.tsv	data/processed/editorial_20261008/paired_assay_summaries.tsv	82c9ae3edbafbc69997b62e6500fb15cf8a62ec623a8149c3120f90ae173e849	12	20	Six Font/He substitutions; numeric type and source-specific uncertainty.	82c9ae3edbafbc69997b62e6500fb15cf8a62ec623a8149c3120f90ae173e849
S17_assay_applicability.tsv	data/processed/editorial_20261008/assay_applicability.tsv	a3a5de9ad7c3da710c2670c291caed3c1654e3fc48ba6c5072518d4b1f9e2313	6	10	Six original families with systems, endpoints and replication reporting.	a3a5de9ad7c3da710c2670c291caed3c1654e3fc48ba6c5072518d4b1f9e2313
S18_coverage_by_scope.tsv	data/processed/editorial_20261008/coverage_by_scope.tsv	89332f4275635feef098e8c12b9c279cab0837f3ecba777114cdca4d75cd3390	8	7	Protein and transport coverage by gene and archive label.	89332f4275635feef098e8c12b9c279cab0837f3ecba777114cdca4d75cd3390
S19_contact_membership.tsv	data/processed/editorial_20261008/current_contact_membership.tsv	c3a5790061ef17fbde4199e8ae2619bbbc1c278d539798d59da28ac376e89a7a	152	8	VCV membership at each current distance cutoff.	c3a5790061ef17fbde4199e8ae2619bbbc1c278d539798d59da28ac376e89a7a
