number	key	doi	title	authors	journal	year	volume	issue	pages	metadata_source_url	metadata_sha256
1	Yan2020	10.1126/sciadv.aay6379	Cryo-EM structure of the human heteromeric amino acid transporter b 0,+ AT-rBAT	Yan R; Li Y; Shi Y; Zhou J; Lei J; Huang J; Zhou Q	Science Advances	2020	6	16	eaay6379	https://api.crossref.org/works/10.1126%2Fsciadv.aay6379	281c73c4745d7872fd2352fd11fc3b6be54abced0eb2e252ff7ab76b7aafb6d4
2	Bartoccioni2008	10.1093/hmg/ddn080	Distinct classes of trafficking rBAT mutants cause the type I cystinuria phenotype	Bartoccioni P; Rius M; Zorzano A; Palacín M; Chillarón J	Human Molecular Genetics	2008	17	12	1845-1854	https://api.crossref.org/works/10.1093%2Fhmg%2Fddn080	b2da0da5920df9dc3bb9e11416c905ceedd285b33b82d9f4c4ecdc8892556801
3	Gaildrat2017	10.1002/mgg3.294	Clinical and molecular characterization of cystinuria in a French cohort: relevance of assessing large‐scale rearrangements and splicing variants	Gaildrat P; Lebbah S; Tebani A; Sudrié‐Arnaud B; Tostivint I; Bollee G; Tubeuf H; Charles T; Bertholet‐Thomas A; Goldenberg A; Barbey F; Martins A; Saugier‐Veber P; Frébourg T; Knebelmann B; Bekri S	Molecular Genetics & Genomic Medicine	2017	5	4	373-389	https://api.crossref.org/works/10.1002%2Fmgg3.294	295e2395a2ed04fbc75d86526770433740d9b101d3b91177db40f23bf7443fc3
4	Martell2017	10.1186/s12864-017-3913-1	Associating mutations causing cystinuria with disease severity with the aim of providing precision medicine	Martell HJ; Wong KA; Martin JF; Kassam Z; Thomas K; Wass MN	BMC Genomics	2017	18	S5	550	https://api.crossref.org/works/10.1186%2Fs12864-017-3913-1	73b44d728fb30a8b9f151301715c5c7c99c3fa4749890f625023a60c23827da7
5	Wong2016	10.1016/j.eururo.2015.10.039	The Role of Protein Modelling in Predicting the Disease Severity of Cystinuria	Wong KA; Wass M; Thomas K	European Urology	2016	69	3	543-544	https://api.crossref.org/works/10.1016%2Fj.eururo.2015.10.039	921c7b7c61e1bffbc7587a75813e44dd933cc7dfd0bdb63e9ea2f81fa3960166
6	Zafar2023	10.1016/j.gene.2023.147802	Molecular identification of missense variants in SLC3A1 gene; an approach leading to computer-aided drug design for cystinuria	Zafar R; Awais M	Gene	2023	888		147802	https://api.crossref.org/works/10.1016%2Fj.gene.2023.147802	56fe7229a60338a4498c2e29b973d59138da8e51fe7366606870cd782a00a572
7	Lee2023	10.1007/s00240-023-01466-y	Interpretation of SLC3A1 and SLC7A9 variants in cystinuria patients: The significance of the PM3 criterion and protein stability	Lee B; Lee SY; Han DH; Park HD	Urolithiasis	2023	51	1	94	https://api.crossref.org/works/10.1007%2Fs00240-023-01466-y	c88b02f7241b0d0ee96b483f4c1326bcd97ec71ef2c429857b7b6fbfe1442fb6
8	He2026	10.1631/jzus.B2500767	Selenocystine-based fluorescence assay combined with structural prediction for functional analysis of cystine transporter variants in cystinuria	He X; Qian X; Zheng X; Zhang H; Shao J; Chen X; Ruan Q; Lyu J; Yang L; Chen L	Journal of Zhejiang University-SCIENCE B	2026	27	7	806-816	https://api.crossref.org/works/10.1631%2Fjzus.B2500767	163410d245e24d22644f1e83823d3cd12f435e4ac57e6c8119e5b20407c4230d
9	ClinVar2025	10.1093/nar/gkae1090	ClinVar: updates to support classifications of both germline and somatic variants	Landrum MJ; Chitipiralla S; Kaur K; Brown G; Chen C; Hart J; Hoffman D; Jang W; Liu C; Maddipatla Z; Maiti R; Mitchell J; Rezaie T; Riley G; Song G; Yang J; Ziyabari L; Russette A; Kattman BL	Nucleic Acids Research	2025	53	D1	D1313-D1321	https://api.crossref.org/works/10.1093%2Fnar%2Fgkae1090	8392a06662452b5ca5a9c6e4e47573fbbe37b5b7b546511b2a8906056c0a6679
10	UniProt2025	10.1093/nar/gkae1010	UniProt: the Universal Protein Knowledgebase in 2025	The UniProt Consortium; Bateman A; Martin MJ; Orchard S; Magrane M; Adesina A; Ahmad S; Bowler-Barnett EH; Bye-A-Jee H; Carpentier D; Denny P; Fan J; Garmiri P; Gonzales LJdC; Hussein A; Ignatchenko A; Insana G; Ishtiaq R; Joshi V; Jyothi D; Kandasaamy S; Lock A; Luciani A; Luo J; Lussi Y; Marin JSM; Raposo P; Rice DL; Santos R; Speretta E; Stephenson J; Totoo P; Tyagi N; Urakova N; Vasudev P; Warner K; Wijerathne S; Yu CWH; Zaru R; Bridge AJ; Aimo L; Argoud-Puy G; Auchincloss AH; Axelsen KB; Bansal P; Baratin D; Batista Neto TM; Blatter MC; Bolleman JT; Boutet E; Breuza L; Gil BC; Casals-Casas C; Echioukh KC; Coudert E; Cuche B; de Castro E; Estreicher A; Famiglietti ML; Feuermann M; Gasteiger E; Gaudet P; Gehant S; Gerritsen V; Gos A; Gruaz N; Hulo C; Hyka-Nouspikel N; Jungo F; Kerhornou A; Mercier PL; Lieberherr D; Masson P; Morgat A; Paesano S; Pedruzzi I; Pilbout S; Pourcel L; Poux S; Pozzato M; Pruess M; Redaschi N; Rivoire C; Sigrist CJA; Sonesson K; Sundaram S; Sveshnikova A; Wu CH; Arighi CN; Chen C; Chen Y; Huang H; Laiho K; Lehvaslaiho M; McGarvey P; Natale DA; Ross K; Vinayaka CR; Wang Y; Zhang J	Nucleic Acids Research	2025	53	D1	D609-D617	https://api.crossref.org/works/10.1093%2Fnar%2Fgkae1010	4a681d07701885c2e52e04adb4acedd5a411fc48bd67044bd739eb976ed72dda
11	AlphaMissense2023	10.1126/science.adg7492	Accurate proteome-wide missense variant effect prediction with AlphaMissense	Cheng J; Novati G; Pan J; Bycroft C; Žemgulytė A; Applebaum T; Pritzel A; Wong LH; Zielinski M; Sargeant T; Schneider RG; Senior AW; Jumper J; Hassabis D; Kohli P; Avsec Ž	Science	2023	381	6664	eadg7492	https://api.crossref.org/works/10.1126%2Fscience.adg7492	e0c6526477c3130ffebfee68e6577e853551d5c94708424718d5d8056cbeee46
12	Font2001	10.1093/hmg/10.4.305	Functional analysis of mutations in SLC7A9, and genotype–phenotype correlation in non-Type I cystinuria	Font M; Feliubadaló L; Estivill X; Nunes V; Golomb E; Kreiss Y; Pras E; Bisceglia L; d’Adamo AP; Zelante L; Gasparini P; Bassi MT; George Jr AL; Manzoni M; Riboni M; Ballabio A; Borsani G; Reig N; Fernández E; Zorzano A; Bertran J; Palacín M	Human Molecular Genetics	2001	10	4	305-316	https://api.crossref.org/works/10.1093%2Fhmg%2F10.4.305	c29b6c45f328f560c77927fb4500c0d70f932ce9cbdf76371318ab2b2bfce340
13	Pineda2004	10.1042/BJ20030956	Cystinuria-specific rBAT(R365W) mutation reveals two translocation pathways in the amino acid transporter rBAT-b0,+AT	Pineda M; Wagner CA; Bröer A; Stehberger PA; Kaltenbach S; Gelpí JL; MARTÍN del RÍO R; Zorzano A; Palacín M; Lang F; Bröer S	Biochemical Journal	2004	377	3	665-674	https://api.crossref.org/works/10.1042%2FBJ20030956	9016e596d4377058e89b03389056210804de4d29543c56078a28bb39ec6a2db5
14	Shigeta2006	10.1038/sj.ki.5000241	A novel missense mutation of SLC7A9 frequent in Japanese cystinuria cases affecting the C-terminus of the transporter	Shigeta Y; Kanai Y; Chairoungdua A; Ahmed N; Sakamoto S; Matsuo H; Kim DK; Fujimura M; Anzai N; Mizoguchi K; Ueda T; Akakura K; Ichikawa T; Ito H; Endou H	Kidney International	2006	69	7	1198-1206	https://api.crossref.org/works/10.1038%2Fsj.ki.5000241	667d51f551c963d710d20ce700e1e7485d67c5bc9d11244a621af129892c12ba
15	Mizoguchi2001	10.1046/j.1523-1755.2001.0590051821.x	Human cystinuria-related transporter: Localization and functional characterization	Mizoguchi KI; Cha SH; Chairoungdua A; Kim DK; Shigeta Y; Matsuo H; Fukushima JI; Awa Y; Akakura K; Goya T; Ito H; Endou H; Kanai Y	Kidney International	2001	59	5	1821-1833	https://api.crossref.org/works/10.1046%2Fj.1523-1755.2001.0590051821.x	f9d92e9d2c194246e959e9af5aaaafc62b1d88749b50125b176d63e684effd34
16	Mahdavi2018	10.1007/s11033-018-4269-6	In silico analysis of SLC3A1 and SLC7A9 mutations in Iranian patients with Cystinuria	Mahdavi M; Koulivand L; Khorrami M; Mirsafaie M; Kheirollahi M	Molecular Biology Reports	2018	45	5	1165-1173	https://api.crossref.org/works/10.1007%2Fs11033-018-4269-6	fe514cd0055c8e8614b02b2ee82394ed7a2c4ecb061781c2929b6c0f62d04fe9
17	Pandey2021	10.1080/07391102.2020.1784792	Computational analysis identifies druggable mutations in human rBAT mediated Cystinuria	Pandey B; Aarthy M; Sharma M; Singh SK; Kumar V	Journal of Biomolecular Structure and Dynamics	2021	39	14	5058-5067	https://api.crossref.org/works/10.1080%2F07391102.2020.1784792	ffc8ec2ac9a850f8715816c455ae008f5f4d358a74d49d1d5952f3a8a7fc7b91
18	Brauers2006	10.5414/CNP65262	Functional characterization of SLC7A9 polymorphisms assumed to influence the cystinuria phenotype	Brauers E; Schmidt C; Zerres K; Eggermann T	Clinical Nephrology	2006	65	04	262-266	https://api.crossref.org/works/10.5414%2FCNP65262	111a5e140fcb1fa3605b53e0d7d88c660f69e3b4aca23055def3eea998d7fd0f
19	Brnich2019	10.1186/s13073-019-0690-2	Recommendations for application of the functional evidence PS3/BS3 criterion using the ACMG/AMP sequence variant interpretation framework	Brnich SE; Abou Tayoun AN; Couch FJ; Cutting GR; Greenblatt MS; Heinen CD; Kanavy DM; Luo X; McNulty SM; Starita LM; Tavtigian SV; Wright MW; Harrison SM; Biesecker LG; Berg JS; On behalf of the Clinical Genome Resource Sequence Variant Interpretation Working Group	Genome Medicine	2020	12	1	3	https://api.crossref.org/works/10.1186%2Fs13073-019-0690-2	c2d3535c728bd756cb2987fc35682dc7ff0346e7b6ba56087b83d3f2b710dd3e
20	Wu2026	10.1038/s41431-026-02085-y	How variant discovery redefines genetic prevalence: the case of cystine stone disease	Wu CHW; Chang J; Lovrenert K; Bodner D; Hildebrandt F; Schumacher FR	European Journal of Human Genetics	2026	34	7	956-963	https://api.crossref.org/works/10.1038%2Fs41431-026-02085-y	eb20024e0840837c9d13aa5ad69696dd9376763732daadd1698aa19a7507ab9b
21	Munch2026	10.1172/JCI196277	Deep biochemical phenotyping reveals prognostic value of rare genetic variants in adult kidney stone disease	Münch J; Petrovska J; Figueiro-Silva J; Rubio-Aliaga I; Cabello EM; Ivanovski I; Papik M; Oneda B; Fuster DG; Seeger H; Ernandez T; Buchkremer F; Wuerzner G; Dhayat NA; Ritter A; Segerer S; Roth B; Rauch A; Ferraro PM; Bonny O; Wagner CA; Bachmann-Gagescu R	Journal of Clinical Investigation	2026	136	5	e196277	https://api.crossref.org/works/10.1172%2FJCI196277	e804128e3c79a2575e612aad0119bc4538a323d6501bb85a1e6a05dcbfa79773
22	Bhatt2026	10.1016/j.kint.2026.06.050	Generation of a novel Slc7a9G105R mutant mouse identifies new biomarkers for cystinuria	Bhatt NP; Nguyen TTH; Iacono G; Rodriguez GR; Anderson CRB; Perry A; Barlow CK; Anderson D; Burgio G; Marsland BJ; Jiang SH; Deshpande AV; Starkey MR	Kidney International	2026				https://api.crossref.org/works/10.1016%2Fj.kint.2026.06.050	8075d4bf48835591df19717c03cfb850f34c6c3a0f63bc489928bffe8143e0b4
23	Dong2026	10.1093/procel/pwaf076	Oncogenic role of the SLC7A13-SLC3A1 cystine transporter in human luminal breast cancer and its cryo-EM structure	Dong J; Shi T; Lin B; Liu X; Wei W; Geng Z; Liu M; Yan R; Dong JT	Protein & Cell	2026	17	2	145-156	https://api.crossref.org/works/10.1093%2Fprocel%2Fpwaf076	7f1d92ab9a0fb90390c65c3d41aa81e0a22dd3b96898def67e0faca060b9edfd
24	ESPN2022	10.1007/s00467-022-05630-1	Abstracts of the 54th ESPN Annual Meeting, Ljubljana, Slovenia		Pediatric Nephrology	2022	37	11	2803-2969	https://api.crossref.org/works/10.1007%2Fs00467-022-05630-1	7aa1d5a19047d37f48d24afe59df006c57418bacd35cf21c84fd0ea951bfe0d9
