contact_cutoff_A	gene	unmatched_vcv	unique_gene_residues	evidence_rule	variant_snapshot
4	SLC3A1	25	19	CURRENT_SIX_HUMAN_PROTEIN_FAMILIES	2026-10-05
4	SLC7A9	17	16	CURRENT_SIX_HUMAN_PROTEIN_FAMILIES	2026-10-05
4	ALL	42	35	CURRENT_SIX_HUMAN_PROTEIN_FAMILIES	2026-10-05
5	SLC3A1	28	21	CURRENT_SIX_HUMAN_PROTEIN_FAMILIES	2026-10-05
5	SLC7A9	24	23	CURRENT_SIX_HUMAN_PROTEIN_FAMILIES	2026-10-05
5	ALL	52	44	CURRENT_SIX_HUMAN_PROTEIN_FAMILIES	2026-10-05
6	SLC3A1	33	25	CURRENT_SIX_HUMAN_PROTEIN_FAMILIES	2026-10-05
6	SLC7A9	25	24	CURRENT_SIX_HUMAN_PROTEIN_FAMILIES	2026-10-05
6	ALL	58	49	CURRENT_SIX_HUMAN_PROTEIN_FAMILIES	2026-10-05
