contact_cutoff_A	variation_id	vcv	gene	uniprot_change	uniprot_pos	clinical_group	has_cystinuria_rcv
4	4701817	VCV004701817.1	SLC3A1	K323E	323	VUS	True
4	4631367	VCV004631367.1	SLC3A1	F74Y	74	VUS	False
4	4631364	VCV004631364.1	SLC3A1	D349N	349	VUS	False
4	4080084	VCV004080084.1	SLC3A1	M68K	68	VUS	True
4	3956922	VCV003956922.1	SLC3A1	T104I	104	VUS	False
4	3586653	VCV003586653.1	SLC3A1	T373M	373	VUS	True
4	3586646	VCV003586646.1	SLC3A1	Y347C	347	VUS	True
4	3586613	VCV003586613.1	SLC3A1	V97G	97	VUS	True
4	3586611	VCV003586611.1	SLC3A1	R86Q	86	VUS	True
4	3586607	VCV003586607.1	SLC3A1	G67R	67	VUS	True
4	3444481	VCV003444481.1	SLC3A1	I107T	107	VUS	False
4	3444479	VCV003444479.1	SLC3A1	T104A	104	VUS	False
4	3319785	VCV003319785.1	SLC3A1	T353R	353	VUS	False
4	2664184	VCV002664184.1	SLC3A1	T353M	353	VUS	True
4	2446442	VCV002446442.2	SLC3A1	S111F	111	VUS	True
4	2444138	VCV002444138.1	SLC3A1	R86W	86	VUS	True
4	1713456	VCV001713456.5	SLC3A1	I108F	108	VUS	True
4	1426911	VCV001426911.6	SLC3A1	Q366H	366	VUS	True
4	1353812	VCV001353812.8	SLC3A1	V97A	97	VUS	True
4	950698	VCV000950698.6	SLC3A1	I108V	108	VUS	True
4	898638	VCV000898638.4	SLC3A1	L100F	100	VUS	True
4	897547	VCV000897547.4	SLC3A1	V355M	355	VUS	True
4	804176	VCV000804176.18	SLC3A1	R362C	362	Conflict	True
4	591307	VCV000591307.1	SLC3A1	Y65C	65	VUS	False
4	18122	VCV000018122.9	SLC3A1	R362H	362	VUS	True
4	4941768	VCV004941768.1	SLC7A9	L168V	168	VUS	False
4	4706699	VCV004706699.1	SLC7A9	Y141F	141	VUS	False
4	4169213	VCV004169213.1	SLC7A9	H472P	472	VUS	False
4	3583592	VCV003583592.1	SLC7A9	T320A	320	VUS	True
4	3583588	VCV003583588.4	SLC7A9	V346I	346	VUS	True
4	3583575	VCV003583575.1	SLC7A9	M471V	471	VUS	True
4	3359167	VCV003359167.3	SLC7A9	G45R	45	VUS	True
4	3257158	VCV003257158.16	SLC7A9	A157T	157	VUS	False
4	2501635	VCV002501635.2	SLC7A9	D233V	233	VUS	False
4	2436076	VCV002436076.7	SLC7A9	R171Q	171	VUS	True
4	1050084	VCV001050084.6	SLC7A9	A156T	156	VUS	True
4	955736	VCV000955736.4	SLC7A9	R296C	296	VUS	True
4	889752	VCV000889752.19	SLC7A9	F140S	140	Conflict	True
4	889751	VCV000889751.5	SLC7A9	V150I	150	VUS	True
4	889687	VCV000889687.4	SLC7A9	K467E	467	VUS	True
4	653611	VCV000653611.17	SLC7A9	R171W	171	Conflict	True
4	591733	VCV000591733.1	SLC7A9	A231V	231	VUS	False
5	4701817	VCV004701817.1	SLC3A1	K323E	323	VUS	True
5	4631367	VCV004631367.1	SLC3A1	F74Y	74	VUS	False
5	4631364	VCV004631364.1	SLC3A1	D349N	349	VUS	False
5	4080084	VCV004080084.1	SLC3A1	M68K	68	VUS	True
5	3956922	VCV003956922.1	SLC3A1	T104I	104	VUS	False
5	3586655	VCV003586655.2	SLC3A1	R377G	377	VUS	True
5	3586654	VCV003586654.1	SLC3A1	G376V	376	VUS	True
5	3586653	VCV003586653.1	SLC3A1	T373M	373	VUS	True
5	3586646	VCV003586646.1	SLC3A1	Y347C	347	VUS	True
5	3586613	VCV003586613.1	SLC3A1	V97G	97	VUS	True
5	3586611	VCV003586611.1	SLC3A1	R86Q	86	VUS	True
5	3586607	VCV003586607.1	SLC3A1	G67R	67	VUS	True
5	3444481	VCV003444481.1	SLC3A1	I107T	107	VUS	False
5	3444479	VCV003444479.1	SLC3A1	T104A	104	VUS	False
5	3319785	VCV003319785.1	SLC3A1	T353R	353	VUS	False
5	2664184	VCV002664184.1	SLC3A1	T353M	353	VUS	True
5	2446442	VCV002446442.2	SLC3A1	S111F	111	VUS	True
5	2444138	VCV002444138.1	SLC3A1	R86W	86	VUS	True
5	1713456	VCV001713456.5	SLC3A1	I108F	108	VUS	True
5	1426911	VCV001426911.6	SLC3A1	Q366H	366	VUS	True
5	1353812	VCV001353812.8	SLC3A1	V97A	97	VUS	True
5	950698	VCV000950698.6	SLC3A1	I108V	108	VUS	True
5	898638	VCV000898638.4	SLC3A1	L100F	100	VUS	True
5	897547	VCV000897547.4	SLC3A1	V355M	355	VUS	True
5	804176	VCV000804176.18	SLC3A1	R362C	362	Conflict	True
5	785828	VCV000785828.16	SLC3A1	G376S	376	Conflict	True
5	591307	VCV000591307.1	SLC3A1	Y65C	65	VUS	False
5	18122	VCV000018122.9	SLC3A1	R362H	362	VUS	True
5	4941768	VCV004941768.1	SLC7A9	L168V	168	VUS	False
5	4706699	VCV004706699.1	SLC7A9	Y141F	141	VUS	False
5	4526834	VCV004526834.2	SLC7A9	Q237K	237	Conflict	True
5	4169213	VCV004169213.1	SLC7A9	H472P	472	VUS	False
5	4080120	VCV004080120.1	SLC7A9	T42A	42	VUS	True
5	3583608	VCV003583608.3	SLC7A9	F161S	161	VUS	True
5	3583592	VCV003583592.1	SLC7A9	T320A	320	VUS	True
5	3583590	VCV003583590.1	SLC7A9	Y343S	343	VUS	True
5	3583588	VCV003583588.4	SLC7A9	V346I	346	VUS	True
5	3583575	VCV003583575.1	SLC7A9	M471V	471	VUS	True
5	3359167	VCV003359167.3	SLC7A9	G45R	45	VUS	True
5	3257158	VCV003257158.16	SLC7A9	A157T	157	VUS	False
5	2501635	VCV002501635.2	SLC7A9	D233V	233	VUS	False
5	2436076	VCV002436076.7	SLC7A9	R171Q	171	VUS	True
5	1050084	VCV001050084.6	SLC7A9	A156T	156	VUS	True
5	962317	VCV000962317.11	SLC7A9	E282K	282	VUS	True
5	955736	VCV000955736.4	SLC7A9	R296C	296	VUS	True
5	889752	VCV000889752.19	SLC7A9	F140S	140	Conflict	True
5	889751	VCV000889751.5	SLC7A9	V150I	150	VUS	True
5	889687	VCV000889687.4	SLC7A9	K467E	467	VUS	True
5	829904	VCV000829904.6	SLC7A9	C137W	137	VUS	True
5	653611	VCV000653611.17	SLC7A9	R171W	171	Conflict	True
5	591733	VCV000591733.1	SLC7A9	A231V	231	VUS	False
5	5791	VCV000005791.11	SLC7A9	Y232C	232	Conflict	True
6	5003063	VCV005003063.1	SLC3A1	G204D	204	VUS	True
6	4701817	VCV004701817.1	SLC3A1	K323E	323	VUS	True
6	4631367	VCV004631367.1	SLC3A1	F74Y	74	VUS	False
6	4631364	VCV004631364.1	SLC3A1	D349N	349	VUS	False
6	4080084	VCV004080084.1	SLC3A1	M68K	68	VUS	True
6	3956922	VCV003956922.1	SLC3A1	T104I	104	VUS	False
6	3586655	VCV003586655.2	SLC3A1	R377G	377	VUS	True
6	3586654	VCV003586654.1	SLC3A1	G376V	376	VUS	True
6	3586653	VCV003586653.1	SLC3A1	T373M	373	VUS	True
6	3586646	VCV003586646.1	SLC3A1	Y347C	347	VUS	True
6	3586613	VCV003586613.1	SLC3A1	V97G	97	VUS	True
6	3586612	VCV003586612.1	SLC3A1	L89F	89	VUS	True
6	3586611	VCV003586611.1	SLC3A1	R86Q	86	VUS	True
6	3586607	VCV003586607.1	SLC3A1	G67R	67	VUS	True
6	3444481	VCV003444481.1	SLC3A1	I107T	107	VUS	False
6	3444479	VCV003444479.1	SLC3A1	T104A	104	VUS	False
6	3319785	VCV003319785.1	SLC3A1	T353R	353	VUS	False
6	2664184	VCV002664184.1	SLC3A1	T353M	353	VUS	True
6	2582222	VCV002582222.3	SLC3A1	R81L	81	Conflict	True
6	2446442	VCV002446442.2	SLC3A1	S111F	111	VUS	True
6	2444138	VCV002444138.1	SLC3A1	R86W	86	VUS	True
6	1713456	VCV001713456.5	SLC3A1	I108F	108	VUS	True
6	1426911	VCV001426911.6	SLC3A1	Q366H	366	VUS	True
6	1353812	VCV001353812.8	SLC3A1	V97A	97	VUS	True
6	950698	VCV000950698.6	SLC3A1	I108V	108	VUS	True
6	898638	VCV000898638.4	SLC3A1	L100F	100	VUS	True
6	897547	VCV000897547.4	SLC3A1	V355M	355	VUS	True
6	897483	VCV000897483.13	SLC3A1	R81C	81	VUS	True
6	804176	VCV000804176.18	SLC3A1	R362C	362	Conflict	True
6	785828	VCV000785828.16	SLC3A1	G376S	376	Conflict	True
6	591307	VCV000591307.1	SLC3A1	Y65C	65	VUS	False
6	591216	VCV000591216.2	SLC3A1	P112S	112	VUS	True
6	18122	VCV000018122.9	SLC3A1	R362H	362	VUS	True
6	4941768	VCV004941768.1	SLC7A9	L168V	168	VUS	False
6	4706699	VCV004706699.1	SLC7A9	Y141F	141	VUS	False
6	4526834	VCV004526834.2	SLC7A9	Q237K	237	Conflict	True
6	4169213	VCV004169213.1	SLC7A9	H472P	472	VUS	False
6	4080120	VCV004080120.1	SLC7A9	T42A	42	VUS	True
6	3583608	VCV003583608.3	SLC7A9	F161S	161	VUS	True
6	3583594	VCV003583594.1	SLC7A9	V291A	291	VUS	True
6	3583592	VCV003583592.1	SLC7A9	T320A	320	VUS	True
6	3583590	VCV003583590.1	SLC7A9	Y343S	343	VUS	True
6	3583588	VCV003583588.4	SLC7A9	V346I	346	VUS	True
6	3583575	VCV003583575.1	SLC7A9	M471V	471	VUS	True
6	3359167	VCV003359167.3	SLC7A9	G45R	45	VUS	True
6	3257158	VCV003257158.16	SLC7A9	A157T	157	VUS	False
6	2501635	VCV002501635.2	SLC7A9	D233V	233	VUS	False
6	2436076	VCV002436076.7	SLC7A9	R171Q	171	VUS	True
6	1050084	VCV001050084.6	SLC7A9	A156T	156	VUS	True
6	962317	VCV000962317.11	SLC7A9	E282K	282	VUS	True
6	955736	VCV000955736.4	SLC7A9	R296C	296	VUS	True
6	889752	VCV000889752.19	SLC7A9	F140S	140	Conflict	True
6	889751	VCV000889751.5	SLC7A9	V150I	150	VUS	True
6	889687	VCV000889687.4	SLC7A9	K467E	467	VUS	True
6	829904	VCV000829904.6	SLC7A9	C137W	137	VUS	True
6	653611	VCV000653611.17	SLC7A9	R171W	171	Conflict	True
6	591733	VCV000591733.1	SLC7A9	A231V	231	VUS	False
6	5791	VCV000005791.11	SLC7A9	Y232C	232	Conflict	True
